"","ID","Description","GeneRatio","BgRatio","RichFactor","FoldEnrichment","zScore","pvalue","p.adjust","qvalue","geneID","Count"
"Protein modification","Protein modification","Protein modification","12/114","1243/35106",0.00965406275140788,2.97294321886776,4.04240634587282,0.000734872556539354,0.0146974511307871,0.0108297008332115,"HORVU.MOREX.r3.1HG0030240/HORVU.MOREX.r3.1HG0061180/HORVU.MOREX.r3.2HG0121170/HORVU.MOREX.r3.2HG0207630/HORVU.MOREX.r3.3HG0235770/HORVU.MOREX.r3.3HG0252000/HORVU.MOREX.r3.3HG0264740/HORVU.MOREX.r3.3HG0286930/HORVU.MOREX.r3.5HG0436640/HORVU.MOREX.r3.5HG0518200/HORVU.MOREX.r3.6HG0590590/HORVU.MOREX.r3.6HG0596130",12
"Cell wall organisation","Cell wall organisation","Cell wall organisation","7/114","641/35106",0.0109204368174727,3.36291977994909,3.44620717766495,0.00501771044238485,0.0501771044238485,0.0369726032596779,"HORVU.MOREX.r3.1HG0032470/HORVU.MOREX.r3.1HG0070090/HORVU.MOREX.r3.2HG0183620/HORVU.MOREX.r3.3HG0329870/HORVU.MOREX.r3.5HG0522020/HORVU.MOREX.r3.6HG0569590/HORVU.MOREX.r3.6HG0596080",7
"Carbohydrate metabolism","Carbohydrate metabolism","Carbohydrate metabolism","4/114","259/35106",0.0154440154440154,4.75594391383865,3.46289094172173,0.0102575010410204,0.0683833402734696,0.0503877244120302,"HORVU.MOREX.r3.1HG0046170/HORVU.MOREX.r3.2HG0168900/HORVU.MOREX.r3.4HG0356370/HORVU.MOREX.r3.6HG0542040",4
