"","ID","Description","GeneRatio","BgRatio","RichFactor","FoldEnrichment","zScore","pvalue","p.adjust","qvalue","geneID","Count"
"nucleosome remodeling","nucleosome remodeling","nucleosome remodeling","7/519","84/35106",0.0833333333333333,5.63680154142582,5.21193991056512,0.00025161403146066,0.0193640187151586,0.0164897616498098,"HORVU.MOREX.r3.2HG0132190/HORVU.MOREX.r3.5HG0455480/HORVU.MOREX.r3.5HG0538040/HORVU.MOREX.r3.6HG0559070/HORVU.MOREX.r3.6HG0574560/HORVU.MOREX.r3.7HG0704900/HORVU.MOREX.r3.7HG0726180",7
"mRNA modification","mRNA modification","mRNA modification","6/519","66/35106",0.0909090909090909,6.1492380451918,5.1291406584895,0.000435146487981093,0.0193640187151586,0.0164897616498098,"HORVU.MOREX.r3.4HG0340660/HORVU.MOREX.r3.4HG0345360/HORVU.MOREX.r3.4HG0381380/HORVU.MOREX.r3.6HG0603690/HORVU.MOREX.r3.7HG0659770/HORVU.MOREX.r3.7HG0698000",6
"nucleus","nucleus","nucleus","5/519","64/35106",0.078125,5.2845014450867,4.20249841827685,0.00257900099658458,0.0765103628986758,0.0651537093873998,"HORVU.MOREX.r3.3HG0257590/HORVU.MOREX.r3.5HG0442050/HORVU.MOREX.r3.5HG0442170/HORVU.MOREX.r3.5HG0449530/HORVU.MOREX.r3.5HG0517130",5
