"","ID","Description","GeneRatio","BgRatio","RichFactor","FoldEnrichment","zScore","pvalue","p.adjust","qvalue","geneID","Count"
"SD-1 protein kinase","SD-1 protein kinase","SD-1 protein kinase","4/101","47/35106",0.0851063829787234,29.5816305034759,10.5321322013869,1.04657793181219e-05,7.32604552268536e-05,1.10166098085494e-05,"HORVU.MOREX.r3.2HG0208330/HORVU.MOREX.r3.3HG0293940/HORVU.MOREX.r3.3HG0293970/HORVU.MOREX.r3.6HG0629440",4
"large subunit *(SAE2)","large subunit *(SAE2)","large subunit *(SAE2)","1/101","1/35106",1,347.584158415842,18.616770891211,0.00287700108243594,0.0100695037885258,0.00151421109601891,"HORVU.MOREX.r3.2HG0129980",1
"ARF-GTPase *(ARFA)","ARF-GTPase *(ARFA)","ARF-GTPase *(ARFA)","1/101","3/35106",0.333333333333333,115.861386138614,10.6866773613753,0.00860644010942613,0.020081693588661,0.00301980354716706,"HORVU.MOREX.r3.6HG0606370",1
"HDA19 histone deacetylase complex","HDA19 histone deacetylase complex","HDA19 histone deacetylase complex","1/101","7/35106",0.142857142857143,49.6548797736917,6.91525479904885,0.0199677105112678,0.0349434933947186,0.00525466066085994,"HORVU.MOREX.r3.7HG0715600",1
"E3 ubiquitin ligase *(RMA/MUSE)","E3 ubiquitin ligase *(RMA/MUSE)","E3 ubiquitin ligase *(RMA/MUSE)","1/101","10/35106",0.1,34.7584158415842,5.73499947488285,0.0284039770782593,0.039765567909563,0.00597978464805458,"HORVU.MOREX.r3.4HG0334180",1
"phospholipase-A2 *(pPLA2-II)","phospholipase-A2 *(pPLA2-II)","phospholipase-A2 *(pPLA2-II)","1/101","17/35106",0.0588235294117647,20.4461269656377,4.30776711438487,0.047810005835677,0.0557783401416231,0.00838772032204859,"HORVU.MOREX.r3.4HG0403430",1
"ABC2 subfamily-G full-size transporter *(PDR1/2/3)","ABC2 subfamily-G full-size transporter *(PDR1/2/3)","ABC2 subfamily-G full-size transporter *(PDR1/2/3)","1/101","20/35106",0.05,17.3792079207921,3.93569195335874,0.0560089309828468,0.0560089309828468,0.00842239563651831,"HORVU.MOREX.r3.3HG0288800",1
